model,MAE,RMSE,sMAPE
RandomForestRegressor,96.0750015273335,133.63451821584982,7.123720038765131
